final lin 0.0 0.0,final log 0.0 0.0,final power 0.0 0.0,final lin 0.0 0.524,final log 0.0 0.524,final power 0.0 0.524,final lin 0.0 1.047,final log 0.0 1.047,final power 0.0 1.047,final lin 0.0 1.571,final log 0.0 1.571,final power 0.0 1.571,final lin 0.5 0.0,final log 0.5 0.0,final power 0.5 0.0,final lin 0.5 0.524,final log 0.5 0.524,final power 0.5 0.524,final lin 0.5 1.047,final log 0.5 1.047,final power 0.5 1.047,final lin 0.5 1.571,final log 0.5 1.571,final power 0.5 1.571,final lin 0.9 0.0,final log 0.9 0.0,final power 0.9 0.0,final lin 0.9 0.524,final log 0.9 0.524,final power 0.9 0.524,final lin 0.9 1.047,final log 0.9 1.047,final power 0.9 1.047,final lin 0.9 1.571,final log 0.9 1.571,final power 0.9 1.571
0,0,0,0,0,0,0,0,0,0,0,0,0,0,0,0,0,0,0,0,0,0,0,0,0,0,0,0,0,0,0,0,0,0,0,0
0,0,0,0,0,0,0,0,0,0,0,0,0,0,0,0,0,0,0,0,0,0,0,0,0,0,0,0,0,0,0,0,0,0,0,0
491554,4952803,175234,491554,4952803,175234,491554,4952803,175234,491554,4952803,175234,491554,4952803,175234,491554,4952803,175234,491554,4952803,175234,491554,4952803,175234,495642,4993957,176634,495642,4993957,176634,495642,4993957,176634,495642,4993957,176634
857462,8821960,145104,857462,8821960,145104,857462,8821960,145104,857462,8821960,145104,857462,8821960,145104,857462,8821960,145104,857462,8821960,145104,857462,8821960,145104,863368,8883038,146004,863368,8883038,146004,863368,8883038,146004,863368,8883038,146004
613234,6249741,118796,613234,6249741,118796,613234,6249741,118796,613234,6249741,118796,613234,6249741,118796,613234,6249741,118796,613234,6249741,118796,613234,6249741,118796,616594,6283969,119430,616594,6283969,119430,616594,6283969,119430,616594,6283969,119430
540082,5492550,107670,540082,5492550,107670,540082,5492550,107670,540082,5492550,107670,540082,5492550,107670,540082,5492550,107670,540082,5492550,107670,540082,5492550,107670,542682,5518884,108186,542682,5518884,108186,542682,5518884,108186,542682,5518884,108186
600868,5105179,101173,600868,5105179,101173,600868,5105179,101173,600868,5105179,101173,600868,5105179,101173,600868,5105179,101173,600868,5105179,101173,600868,5105179,101173,603454,5127131,101617,603454,5127131,101617,603454,5127131,101617,603454,5127131,101617
480150,4896139,192042,480150,4896139,192042,480150,4896139,192042,480150,4896139,192042,480150,4896139,192042,480150,4896139,192042,480150,4896139,192042,480150,4896139,192042,482012,4915173,192792,482012,4915173,192792,482012,4915173,192792,482012,4915173,192792
568626,4827670,94421,568626,4827670,94421,568626,4827670,94421,568626,4827670,94421,568626,4827670,94421,568626,4827670,94421,568626,4827670,94421,568626,4827670,94421,570608,4844568,94749,570608,4844568,94749,570608,4844568,94749,570608,4844568,94749
492991,5025160,96366,492991,5025160,96366,492991,5025160,96366,492991,5025160,96366,492991,5025160,96366,492991,5025160,96366,492991,5025160,96366,492991,5025160,96366,494481,5040386,96672,494783,5043874,96672,494783,5043874,96672,494783,5043874,96672
622008,5288874,208937,622008,5288874,208937,622008,5288874,208937,622008,5288874,208937,622008,5288874,208937,622008,5288874,208937,622008,5288874,208937,622008,5288874,208937,623646,5302766,209489,631484,5370356,211775,631484,5370356,211775,631484,5370356,211775
513715,4389032,87294,513715,4389032,87294,513715,4389032,87294,513715,4389032,87294,513715,4389032,87294,513715,4389032,87294,513715,4389032,87294,513715,4389032,87294,515213,4401804,87546,520613,4448582,88494,520613,4448582,88494,520613,4448582,88494
455854,3820737,155361,455854,3820737,155361,455854,3820737,155361,455854,3820737,155361,455854,3820737,155361,455854,3820737,155361,455854,3820737,155361,455854,3820737,155361,457240,3832337,155831,460874,3863099,157119,460874,3863099,157119,460874,3863099,157119
419269,3580902,139066,419269,3580902,139066,419269,3580902,139066,419269,3580902,139066,419269,3580902,139066,419269,3580902,139066,419269,3580902,139066,419269,3580902,139066,420559,3591920,139494,423471,3616978,140458,423471,3616978,140458,423471,3616978,140458
465867,3943426,65592,465867,3943426,65592,465867,3943426,65592,465867,3943426,65592,466509,3948760,65592,466509,3948760,65592,466509,3948760,65592,466509,3948760,65592,467717,3959052,65794,470201,3980268,66210,470201,3980268,66210,470201,3980268,66210
1401958,11833962,431126,1401958,11833962,431126,1401958,11833962,431126,1401958,11833962,431126,1409554,11897950,433462,1409554,11897950,433462,1409554,11897950,433462,1409554,11897950,433462,1410688,11907612,433842,1412868,11926168,434584,1412868,11926168,434584,1412868,11926168,434584
1451474,10627325,418320,1451474,10627325,418320,1451474,10627325,418320,1451474,10627325,418320,1457148,10669099,419974,1457148,10669099,419974,1457148,10669099,419974,1457148,10669099,419974,1458390,10678187,420330,1460656,10694753,420982,1460656,10694753,420982,1460656,10694753,420982
1077542,9189331,359249,1077542,9189331,359249,1077542,9189331,359249,1077542,9189331,359249,1080886,9218061,360363,1080886,9218061,360363,1080886,9218061,360363,1080886,9218061,360363,1081892,9226629,360701,1083648,9241613,361287,1083648,9241613,361287,1083648,9241613,361287
1169880,8531621,333270,1169880,8531621,333270,1169880,8531621,333270,1169880,8531621,333270,1173046,8554767,334166,1173046,8554767,334166,1173046,8554767,334166,1173046,8554767,334166,1174158,8562867,334484,1176032,8576573,335016,1176032,8576573,335016,1176032,8576573,335016
956418,8130561,317748,956418,8130561,317748,956418,8130561,317748,956418,8130561,317748,958744,8150325,318518,958744,8150325,318518,958744,8150325,318518,958744,8150325,318518,959650,8158007,318818,961136,8170627,319308,961136,8170627,319308,961136,8170627,319308
1083987,7880768,308612,1083987,7880768,308612,1083987,7880768,308612,1083987,7880768,308612,1086397,7898182,309294,1086397,7898182,309294,1086397,7898182,309294,1086397,7898182,309294,1087403,7905472,309580,1089017,7917178,310038,1089017,7917178,310038,1089017,7917178,310038
1069317,7790515,305773,1069317,7790515,305773,1069317,7790515,305773,1069317,7790515,305773,1071481,7806163,306391,1071481,7806163,306391,1071481,7806163,306391,1071481,7806163,306391,1072435,7813103,306665,1073935,7824019,307093,1073935,7824019,307093,1073935,7824019,307093
1264502,8074367,474886,1264502,8074367,474886,1264502,8074367,474886,1264502,8074367,474886,1266738,8088617,475722,1271168,8116925,477790,1271168,8116925,477790,1271168,8116925,477790,1272202,8123527,478178,1273800,8133723,478774,1273800,8133723,478774,1273800,8133723,478774
1051717,7697282,298209,1051717,7697282,298209,1051717,7697282,298209,1051717,7697282,298209,1053511,7710388,298721,1064051,7787790,301795,1064051,7787790,301795,1064051,7787790,301795,1064913,7794086,302041,1066223,7803652,302415,1066223,7803652,302415,1066223,7803652,302415
946316,6884221,271488,946316,6884221,271488,946316,6884221,271488,946316,6884221,271488,947986,6896375,271966,953812,6938573,273658,953812,6938573,273658,953812,6938573,273658,954638,6944583,273896,955876,6953591,274252,955876,6953591,274252,955876,6953591,274252
1011400,6319384,380735,1011400,6319384,380735,1011400,6319384,380735,1011400,6319384,380735,1013182,6330508,381407,1018078,6360974,383273,1018078,6360974,383273,1018078,6360974,383273,1018976,6366616,383611,1020310,6374956,384113,1020310,6374956,384113,1020310,6374956,384113
957894,6119474,358165,957894,6119474,358165,957894,6119474,358165,957894,6119474,358165,959560,6130118,358789,963504,6155418,360259,963504,6155418,360259,963504,6155418,360259,964364,6160938,360581,965618,6168994,361053,965618,6168994,361053,965618,6168994,361053
803497,5853891,229483,803497,5853891,229483,803497,5853891,229483,803497,5853891,229483,804873,5863923,229877,807827,5885453,230719,807827,5885453,230719,807827,5885453,230719,808553,5890729,230925,809599,5898359,231225,809599,5898359,231225,809599,5898359,231225
992151,5616281,331920,992151,5616281,331920,992151,5616281,331920,992151,5616281,331920,993827,5625767,332480,997147,5644591,333606,997147,5644591,333606,997147,5644591,333606,998037,5649625,333904,999317,5656859,334330,999317,5656859,334330,999317,5656859,334330
849134,5421575,320279,849134,5421575,320279,849134,5421575,320279,849134,5421575,320279,850542,5430561,320811,853154,5447297,321803,853154,5447297,321803,853154,5447297,321803,853910,5452129,322089,854988,5459009,322495,854988,5459009,322495,854988,5459009,322495
820868,5240629,308475,820868,5240629,308475,820868,5240629,308475,820868,5240629,308475,822204,5249175,308979,824562,5264247,309873,824562,5264247,309873,824562,5264247,309873,825288,5268885,310147,826316,5275433,310533,826316,5275433,310533,826316,5275433,310533
896434,5084453,398274,896434,5084453,398274,896434,5084453,398274,896434,5084453,398274,897870,5092591,398912,900282,5106301,399988,900282,5106301,399988,900282,5106301,399988,901064,5110759,400336,902162,5117003,400828,902162,5117003,400828,902162,5117003,400828
774954,4946168,290237,774954,4946168,290237,774954,4946168,290237,774954,4946168,290237,776170,4953946,290693,778136,4966496,291429,778136,4966496,291429,778136,4966496,291429,778806,4970772,291679,779740,4976730,292031,779740,4976730,292031,779740,4976730,292031
850196,4817598,283110,850196,4817598,283110,850196,4817598,283110,850196,4817598,283110,851508,4825044,283548,853554,4836616,284232,853554,4836616,284232,853554,4836616,284232,854280,4840730,284472,855284,4846434,284808,855284,4846434,284808,855284,4846434,284808
830387,4707092,369031,830387,4707092,369031,830387,4707092,369031,830387,4707092,369031,831641,4714226,369591,833535,4724950,370437,833535,4724950,370437,833535,4724950,370437,834235,4728904,370745,835193,4734368,371175,835193,4734368,371175,835193,4734368,371175
814183,4615087,361875,814183,4615087,361875,814183,4615087,361875,814183,4615087,361875,815391,4621939,362413,817149,4631899,363195,817149,4631899,363195,817149,4631899,363195,817821,4635707,363493,818741,4640911,363901,818741,4640911,363901,818741,4640911,363901
8197643,46358153,4176887,8204453,46401203,4180897,8208361,46425893,4183197,8211743,46447259,4185187,8212911,46453851,4185701,8214555,46463147,4186427,8214555,46463147,4186427,8214555,46463147,4186427,8215203,46466813,4186713,8216085,46471797,4187103,8216085,46471797,4187103,8216085,46471797,4187103
8854012,46220880,2884937,8873608,46318658,2892519,8884632,46373632,2896765,8894148,46421098,2900431,8895400,46427326,2900927,8897112,46435872,2901605,8897112,46435872,2901605,8897112,46435872,2901605,8897806,46439332,2901879,8898744,46444020,2902253,8898744,46444020,2902253,8898744,46444020,2902253
3146084,16175632,1250080,3157658,16235240,1254670,3163754,16266708,1257086,3168982,16293714,1259154,3170178,16299838,1259632,3171778,16308024,1260272,3171778,16308024,1260272,3171778,16308024,1260272,3172446,16311428,1260536,3173344,16316016,1260892,3173344,16316016,1260892,3173344,16316016,1260892
2447241,13880109,1089320,2455915,13929375,1093186,2460163,13953491,1095076,2463775,13974015,1096690,2464823,13979939,1097154,2466183,13987647,1097762,2466183,13987647,1097762,2466183,13987647,1097762,2466761,13990923,1098018,2467541,13995325,1098364,2478249,14054689,1103088,2478249,14054689,1103088
2465730,12535667,1229455,2474698,12581349,1233935,2478700,12601681,1235929,2482088,12618865,1237615,2483212,12624597,1238177,2484638,12631871,1238893,2484834,12633941,1239301,2484834,12633941,1239301,2485458,12637103,1239611,2486296,12641327,1240025,2500300,12711117,1246821,2500300,12711117,1246821
2550148,11816305,926661,2560008,11861999,930239,2563876,11879907,931645,2567118,11894919,932825,2568318,11900461,933261,2569804,11907337,933801,2584814,11978447,939395,2584814,11978447,939395,2585470,11981497,939635,2586344,11985557,939955,2594992,12025533,943095,2594992,12025533,943095
2306485,11760832,1150772,2316277,11810712,1155606,2319441,11826888,1157200,2322079,11840346,1158530,2323131,11845708,1159058,2324411,11852228,1159700,2334919,11906540,1165366,2334919,11906540,1165366,2335497,11909484,1165654,2336261,11913388,1166036,2342283,11944188,1169106,2342283,11944188,1169106
2836716,13103709,1258840,2851300,13170813,1265138,2854508,13185691,1266602,2857150,13197955,1267808,2858276,13203167,1268320,2859608,13209355,1268930,2867688,13246855,1272664,2867688,13246855,1272664,2868298,13249689,1272946,2869106,13253445,1273314,2874610,13278989,1275848,2874610,13278989,1275848
3028516,14279162,1656492,3045762,14361406,1665926,3048744,14375252,1667552,3051180,14386576,1668886,3052270,14391638,1669482,3053532,14397524,1670172,3060300,14429036,1673882,3069344,14469196,1678368,3069932,14471934,1678692,3070704,14475546,1679118,3075430,14497534,1681706,3075430,14497534,1681706
1291530,6091782,577024,1291758,6093808,577024,1294558,6106820,578300,1296824,6117360,579332,1297886,6122288,579814,1299090,6127886,580364,1305194,6156248,583134,1313480,6195628,586808,1314048,6198276,587066,1314796,6201752,587410,1318954,6221104,589300,1318954,6221104,589300
1226409,5684532,668848,1226409,5684532,668848,1229059,5696838,670296,1231185,5706700,671456,1232225,5711496,672020,1233379,5716838,672650,1239119,5743472,675778,1244279,5767528,678602,1244833,5770086,678906,1245553,5773430,679298,1249281,5790730,681328,1249281,5790730,681328
1187195,5505074,646939,1187195,5505074,646939,1189729,5516804,648315,1191735,5526094,649405,1192745,5530770,649953,1193853,5535888,650553,1199435,5561792,653599,1203573,5580938,655829,1204101,5583412,656123,1204797,5586630,656503,1208169,5602244,658331,1208169,5602244,658331
1260546,5352661,628986,1260546,5352661,628986,1263192,5363879,630302,1265264,5372667,631332,1266342,5377229,631872,1267492,5382129,632448,1273616,5408189,635518,1277456,5424495,637426,1278018,5426883,637706,1278748,5429991,638072,1282100,5444219,639740,1282100,5444219,639740
1230274,5227215,615077,1230274,5227215,615077,1232812,5237985,616347,1234778,5246337,617325,1235830,5250793,617849,1236934,5255491,618397,1243390,5282905,621629,1246780,5297335,623321,1247322,5299645,623593,1248030,5302639,623947,1251098,5315671,625479,1251098,5315671,625479
1209426,5040020,705794,1209426,5040020,705794,1211872,5050234,707220,1213742,5058030,708314,1214768,5062310,708912,1215826,5066730,709530,1223204,5097444,713858,1226262,5110218,715642,1226788,5112408,715952,1227466,5115240,716348,1230290,5127014,717996,1230290,5127014,717996
1211650,5151588,606008,1211650,5151588,606008,1214028,5161678,607196,1215820,5169278,608088,1216824,5173556,608592,1217844,5177892,609104,1229188,5225890,614838,1231992,5237812,616244,1232500,5239972,616500,1233156,5242754,616828,1235768,5253874,618136,1235768,5253874,618136
1306153,5124985,802100,1306153,5124985,802100,1308651,5134797,803638,1310503,5142083,804778,1311577,5146273,805434,1312649,5150449,806088,1320347,5180215,810738,1323155,5191251,812470,1323683,5193343,812796,1324365,5196019,813214,1326999,5206341,814832,1326999,5206341,814832
1220123,4787362,655392,1220123,4787362,655392,1222557,4796922,656704,1224339,4803898,657660,1225399,4808016,658226,1226425,4812042,658782,1227405,4815896,659306,1230027,4826182,660712,1230541,4828210,660990,1231199,4830802,661346,1233641,4840398,662658,1233641,4840398,662658
1166203,4577853,716991,1166203,4577853,716991,1168581,4587201,718455,1170293,4593911,719509,1171327,4597969,720145,1172317,4601857,720755,1173237,4605467,721321,1175697,4615127,722831,1176197,4617087,723137,1176835,4619587,723535,1179117,4628533,724933,1179117,4628533,724933
1126155,4417456,691383,1126155,4417456,691383,1128493,4426610,692819,1130143,4433070,693831,1131163,4437066,694457,1132121,4440818,695045,1132985,4444200,695573,1135301,4453322,696995,1135783,4455222,697293,1136399,4457636,697671,1138531,4466004,698979,1138531,4466004,698979
1175216,4281540,670769,1175216,4281540,670769,1177692,4290548,672183,1179402,4296770,673163,1180486,4300718,673781,1181484,4304352,674353,1182358,4307544,674851,1184736,4316182,676205,1185240,4318018,676493,1185880,4320354,676857,1188026,4328192,678083,1188026,4328192,678083
1142244,4163309,653044,1142244,4163309,653044,1144682,4172189,654436,1146332,4178197,655378,1147404,4182103,655990,1148372,4185631,656544,1149198,4188645,657018,1151446,4196837,658302,1151934,4198617,658584,1152552,4200867,658936,1154566,4208221,660088,1154566,4208221,660088
1115150,4062518,717273,1115150,4062518,717273,1117562,4071306,718823,1119154,4077108,719845,1120218,4080982,720529,1121158,4084412,721135,1121940,4087280,721639,1124084,4095126,723019,1124560,4096850,723323,1125154,4099026,723707,1127048,4105926,724931,1127048,4105926,724931
1089765,3970325,700772,1089765,3970325,700772,1092157,3979037,702310,1093699,3984653,703302,1094755,3988501,703980,1095669,3991835,704570,1096415,3994549,705052,1098467,4002031,706374,1098927,4003701,706668,1099503,4005809,707042,1101289,4012303,708192,1101289,4012303,708192
1144778,3890894,763478,1144778,3890894,763478,1147332,3899562,765178,1148930,3905026,766242,1150058,3908858,766996,1151022,3912108,767634,1151784,3914700,768142,1153892,3921870,769552,1154372,3923494,769870,1154970,3925528,770264,1156766,3931642,771466,1156766,3931642,771466
1124786,3821679,749492,1124786,3821679,749492,1127334,3830339,751192,1128880,3835599,752222,1130008,3839435,752976,1130952,3842607,753604,1131680,3845083,754088,1133704,3851965,755440,1134174,3853533,755748,1134752,3855497,756136,1136448,3861261,757262,1136448,3861261,757262
1106322,3764904,738247,1106322,3764904,738247,1108876,3773590,739949,1110378,3778702,740949,1111508,3782546,741705,1112418,3785646,742313,1113114,3788012,742779,1115060,3794626,744089,1115508,3796152,744385,1116066,3798054,744757,1117666,3803498,745823,1117666,3803498,745823
1093101,3643854,801683,1093101,3643854,801683,1095677,3652432,803573,1097131,3657294,804641,1098271,3661090,805477,1099165,3664068,806133,1099835,3666294,806631,1101711,3672550,808005,1102143,3673998,808321,1102685,3675798,808717,1104185,3680836,809827,1104185,3680836,809827
1155512,3681974,793968,1155512,3681974,793968,1158292,3690840,795882,1159804,3695656,796922,1161034,3699574,797768,1161968,3702558,798414,1162656,3704736,798884,1164584,3710890,800206,1165034,3712322,800512,1165588,3714098,800894,1167106,3718954,801938,1167106,3718954,801938
1148753,3661403,861623,1148753,3661403,861623,1151589,3670449,863747,1153057,3675127,864847,1154309,3679119,865785,1155229,3682059,866477,1155887,3684155,866971,1157749,3690105,868371,1158185,3691491,868701,1158729,3693213,869105,1160169,3697803,870183,1160169,3697803,870183
1147739,3655826,860516,1147739,3655826,860516,1150653,3665112,862700,1152083,3669658,863768,1153367,3673750,864734,1154277,3676646,865414,1154911,3678664,865888,1156713,3684394,867244,1157139,3685740,867558,1157661,3687404,867948,1159021,3691748,868966,1159021,3691748,868966
1224384,3673551,864618,1224384,3673551,864618,1227592,3683191,866882,1229068,3687615,867924,1230482,3691859,868920,1231438,3694725,869592,1232088,3696673,870048,1233934,3702227,871358,1234372,3703535,871668,1234908,3705143,872048,1236280,3709259,873016,1236280,3709259,873016
1238644,3718147,947803,1238644,3718147,947803,1242024,3728283,950387,1243460,3732583,951485,1244942,3737039,952623,1245892,3739879,953351,1246532,3741749,953833,1248336,3747123,955203,1248756,3748391,955523,1249276,3749949,955919,1250568,3753845,956909,1250568,3753845,956909
1267892,3807109,969809,1267892,3807109,969809,1271520,3817987,972575,1272916,3822177,973639,1274500,3826941,974853,1275434,3829775,975573,1276038,3831599,976035,1277780,3836807,977367,1278186,3838041,977681,1278688,3839551,978071,1279910,3843239,979009,1279910,3843239,979009
1398722,3967662,1087375,1398722,3967662,1087375,1402952,3979676,1090657,1404394,3983756,1091775,1406242,3989020,1093215,1407238,3991852,1093991,1407860,3993612,1094477,1409648,3998668,1095865,1410072,3999864,1096195,1410588,4001326,1096599,1411826,4004826,1097559,1411826,4004826,1097559
1504848,4267623,1254029,1504848,4267623,1254029,1509772,4281593,1258133,1511166,4285571,1259305,1513312,4291669,1261095,1514312,4294503,1261933,1514914,4296203,1262433,1516650,4301111,1263877,1517062,4302275,1264217,1517558,4303693,1264631,1518732,4307015,1265609,1518732,4307015,1265609
1752994,4993747,1470375,1752994,4993747,1470375,1759484,5012303,1475849,1760848,5016177,1476989,1763668,5024247,1479369,1764684,5027119,1480213,1765268,5028771,1480703,1766952,5033535,1482103,1767350,5034659,1482435,1767832,5036027,1482839,1768948,5039173,1483767,1768948,5039173,1483767
2540659,6819497,2131118,2540659,6819497,2131118,2551699,6849101,2140338,2553109,6852877,2141522,2557907,6865733,2145528,2558993,6868649,2146444,2559593,6870251,2146948,2561321,6874879,2148398,2561727,6875971,2148744,2562219,6877299,2149162,2563339,6880291,2150100,2563339,6880291,2150100
1159798,3088256,947251,1159798,3088256,947251,1161580,3092910,948577,1162952,3096588,949733,1163730,3098614,950309,1164846,3101604,951249,1165428,3103162,951737,1167108,3107664,953151,1167506,3108726,953487,1167986,3110012,953889,1169044,3112842,954777,1169044,3112842,954777
837260,2095235,711056,837260,2095235,711056,837260,2095235,711056,838672,2098755,712266,838672,2098755,712266,839896,2101793,713304,840494,2103281,713812,842210,2107581,715272,842612,2108591,715614,843102,2109815,716026,844158,2112463,716922,844158,2112463,716922
740040,1988656,661668,740040,1988656,661668,740040,1988656,661668,741344,1992166,662836,741344,1992166,662836,742556,1995424,663926,743106,1996906,664420,744698,2001168,665844,745072,2002172,666176,745524,2003384,666578,746480,2005948,667430,746480,2005948,667430
736317,1876664,662488,736317,1876664,662488,736317,1876664,662488,737663,1880090,663692,737663,1880090,663692,739035,1883598,664928,739595,1885040,665438,741221,1889190,666908,741603,1890164,667258,742063,1891332,667668,743019,1893772,668526,743019,1893772,668526
734881,1784747,664743,734881,1784747,664743,734881,1784747,664743,736263,1788095,665991,736263,1788095,665991,737867,1792001,667449,738447,1793411,667975,740107,1797455,669483,740495,1798405,669837,740965,1799533,670259,741933,1801855,671121,741933,1801855,671121
701444,1704083,668078,701444,1704083,668078,701444,1704083,668078,702788,1707351,669362,702788,1707351,669362,704702,1711993,671190,705270,1713371,671728,706886,1717319,673276,707266,1718239,673638,707714,1719337,674070,708612,1721545,674940,708612,1721545,674940
671477,1631370,638803,671477,1631370,638803,671477,1631370,638803,672791,1634560,640053,672791,1634560,640053,675715,1641652,642887,676269,1643000,643417,677849,1646838,644917,678217,1647734,645265,678657,1648798,645679,679523,1650896,646497,679523,1650896,646497
612960,1422315,584052,612960,1422315,584052,612960,1422315,584052,614302,1425437,585336,614302,1425437,585336,617516,1432941,588388,618086,1434261,588928,619702,1438009,590472,620078,1438879,590830,620526,1439911,591258,621386,1441911,592082,621386,1441911,592082
538322,1248988,538811,538322,1248988,538811,538322,1248988,538811,539634,1252032,540125,539634,1252032,540125,539634,1252032,540125,540190,1253320,540683,541764,1256974,542261,542130,1257822,542627,542560,1258824,543059,543380,1260714,543879,543380,1260714,543879
521304,1208018,544389,521304,1208018,544389,521304,1208018,544389,522590,1210994,545731,522590,1210994,545731,522590,1210994,545731,523138,1212264,546303,524680,1215828,547913,525036,1216650,548281,525456,1217624,548719,526234,1219436,549533,526234,1219436,549533
527804,1169507,527113,527804,1169507,527113,527804,1169507,527113,529118,1172417,528423,529118,1172417,528423,529118,1172417,528423,529690,1173659,528981,531242,1177135,530563,531602,1177931,530921,532028,1178869,531345,532808,1180591,532117,532808,1180591,532117
533648,1133871,555897,533648,1133871,555897,533648,1133871,555897,534988,1136709,557285,534988,1136709,557285,534988,1136709,557285,535562,1137931,557887,537158,1141323,559545,537522,1142103,559927,537954,1143015,560369,538726,1144655,561171,538726,1144655,561171
517392,1099111,539583,517392,1099111,539583,517392,1099111,539583,518702,1101889,540971,518702,1101889,540971,518702,1101889,540971,519274,1103093,541563,520834,1106411,543199,521190,1107167,543569,521602,1108051,544001,522336,1109615,544769,522336,1109615,544769
502579,1069081,544990,502579,1069081,544990,502579,1069081,544990,503853,1071815,546380,503853,1071815,546380,503853,1071815,546380,504409,1073001,546986,505941,1076239,548640,506289,1076979,549020,506689,1077839,549462,507389,1079333,550214,507389,1079333,550214
509454,1016847,570055,509454,1016847,570055,509454,1016847,570055,510754,1019457,571521,510754,1019457,571521,510754,1019457,571521,511330,1020609,572163,512878,1023713,573903,513232,1024417,574301,513642,1025235,574759,514342,1026623,575537,514342,1026623,575537
494305,1007852,553316,494305,1007852,553316,494305,1007852,553316,495581,1010454,554746,495581,1010454,554746,495581,1010454,554746,496149,1011612,555382,497663,1014712,557080,498007,1015408,557462,498403,1016216,557906,499063,1017572,558650,499063,1017572,558650
500627,983835,578501,500627,983835,578501,500627,983835,578501,501925,986385,580005,501925,986385,580005,501925,986385,580005,502507,987527,580679,504051,990555,582455,504395,991239,582857,504793,992023,583319,505451,993319,584081,505451,993319,584081
485466,952365,578790,485466,952365,578790,485466,952365,578790,486734,954861,580304,486734,954861,580304,486734,954861,580304,487318,955997,580996,488822,958955,582798,489160,959613,583200,489552,960373,583662,490180,961607,584414,490180,961607,584414
469817,921262,559870,469817,921262,559870,469817,921262,559870,471061,923704,561352,471061,923704,561352,471061,923704,561352,471635,924830,562036,473109,927716,563792,473439,928360,564184,473817,929098,564634,474419,930274,565344,474419,930274,565344
491806,895471,596583,491806,895471,596583,491806,895471,596583,493116,897855,598171,493116,897855,598171,493116,897855,598171,493730,898975,598919,495284,901801,600799,495628,902427,601215,496022,903145,601699,496642,904263,602451,496642,904263,602451
461530,871673,580913,461530,871673,580913,461530,871673,580913,462766,874011,582473,462766,874011,582473,462766,874011,582473,463356,875129,583213,464814,877887,585059,465138,878497,585465,465508,879191,585929,466076,880265,586643,466076,880265,586643
482607,847608,598473,482607,847608,598473,482607,847608,598473,483909,849896,600091,483909,849896,600091,483909,849896,600091,484543,850998,600877,486081,853700,602785,486423,854292,603203,486809,854968,603683,487393,855994,604407,487393,855994,604407
453173,825810,598688,453173,825810,598688,453173,825810,598688,454399,828056,600312,454399,828056,600312,454399,828056,600312,455011,829176,601120,456463,831822,603034,456781,832404,603454,457141,833064,603930,457677,834046,604636,457677,834046,604636
473096,804324,599217,473096,804324,599217,473096,804324,599217,474388,806526,600857,474388,806526,600857,474388,806526,600857,475044,807644,601691,476566,810230,603611,476900,810798,604033,477274,811438,604509,477824,812372,605207,477824,812372,605207
460119,782518,613151,460119,782518,613151,460119,782518,613151,461393,784668,614827,461393,784668,614827,461393,784668,614827,462053,785792,615707,463545,788330,617687,463865,788876,618119,464227,789492,618607,464755,790386,619313,464755,790386,619313
448717,762615,613025,448717,762615,613025,448717,762615,613025,449957,764723,614719,449957,764723,614719,449957,764723,614719,450625,765859,615633,452079,768335,617625,452397,768873,618057,452751,769475,618543,453253,770329,619227,453253,770329,619227
451710,742889,626717,451710,742889,626717,451710,742889,626717,452966,744953,628459,452966,744953,628459,452966,744953,628459,453666,746105,629437,455146,748529,631483,455464,749051,631925,455820,749639,632421,456320,750461,633113,456320,750461,633113
453934,710002,638925,453934,710002,638925,453934,710002,638925,455200,711984,640709,455200,711984,640709,455200,711984,640709,455936,713134,641741,457418,715464,643837,457736,715966,644287,458096,716526,644791,458588,717294,645477,458588,717294,645477
442703,706030,636482,442703,706030,636482,442703,706030,636482,443945,708008,638272,443945,708008,638272,443945,708008,638272,444701,709214,639354,446163,711534,641448,446477,712032,641896,446825,712582,642394,447293,713330,643066,447293,713330,643066
445267,688426,661555,445267,688426,661555,445267,688426,661555,446525,690364,663421,446525,690364,663421,446525,690364,663421,447329,691610,664617,448805,693884,666805,449119,694372,667275,449467,694908,667791,449931,695626,668481,449931,695626,668481
433573,670503,657026,433573,670503,657026,433573,670503,657026,434805,672403,658892,434805,672403,658892,434805,672403,658892,435645,673699,660164,437081,675925,662342,437383,676395,662802,437723,676915,663314,438165,677601,663990,438165,677601,663990
435932,653921,667330,435932,653921,667330,435932,653921,667330,437166,655783,669228,437166,655783,669228,437166,655783,669228,438080,657153,670628,439534,659333,672852,439848,659793,673328,440188,660303,673846,440626,660957,674516,440626,660957,674516
438019,638257,663219,438019,638257,663219,438019,638257,663219,439271,640089,665117,439271,640089,665117,439271,640089,665117,440287,641571,666657,441755,643707,668879,442067,644161,669349,442405,644657,669861,442837,645291,670515,442837,645291,670515
426830,622254,684135,426830,622254,684135,426830,622254,684135,428056,624042,686105,428056,624042,686105,428056,624042,686105,429188,625688,687911,430620,627780,690209,430922,628220,690695,431254,628702,691225,431668,629306,691887,431668,629306,691887
428447,606943,701992,428447,606943,701992,428447,606943,701992,429685,608697,704018,429685,608697,704018,429685,608697,704018,431055,610625,706258,432501,612671,708622,432803,613099,709118,433129,613559,709650,433535,614133,710316,433535,614133,710316
429299,591682,696409,429299,591682,696409,429299,591682,696409,430543,593398,698431,430543,593398,698431,430543,593398,698431,432461,596052,701557,433917,598060,703917,434219,598478,704409,434545,598930,704941,434943,599484,705597,434943,599484,705597
397964,547811,675618,397964,547811,675618,397964,547811,675618,399186,549497,677690,399186,549497,677690,399186,549497,677690,402114,553521,682646,403542,555489,685070,403840,555899,685578,404158,556341,686124,404544,556875,686780,404544,556875,686780
355613,476672,608071,355613,476672,608071,355613,476672,608071,356841,478322,610175,356841,478322,610175,356841,478322,610175,357155,478720,610663,358585,480648,613125,358883,481044,613633,359205,481474,614177,359583,481984,614827,359583,481984,614827
355616,464827,610537,355616,464827,610537,355616,464827,610537,356854,466443,612661,356854,466443,612661,356854,466443,612661,356854,466443,612661,358298,468337,615145,358600,468729,615659,358924,469149,616211,359302,469637,616857,359302,469637,616857
356789,446203,624081,356789,446203,624081,356789,446203,624081,358033,447759,626257,358033,447759,626257,358033,447759,626257,358033,447759,626257,359483,449561,628789,359785,449937,629313,360103,450335,629871,360469,450791,630509,360469,450791,630509
349026,445386,637488,349026,445386,637488,349026,445386,637488,350246,446936,639712,350246,446936,639712,350246,446936,639712,350246,446936,639712,351668,448748,642306,351960,449124,642840,352270,449520,643406,352624,449972,644054,352624,449972,644054
349969,435803,648740,349969,435803,648740,349969,435803,648740,351195,437329,651010,351195,437329,651010,351195,437329,651010,351195,437329,651010,352623,439107,653660,352913,439471,654200,353223,439857,654778,353571,440293,655426,353571,440293,655426
352050,427080,652998,352050,427080,652998,352050,427080,652998,353286,428576,655284,353286,428576,655284,353286,428576,655284,353286,428576,655284,354722,430322,657944,355024,430684,658498,355330,431058,659068,355676,431474,659710,355676,431474,659710
352156,417920,670582,352156,417920,670582,352156,417920,670582,353390,419386,672930,353390,419386,672930,353390,419386,672930,353390,419386,672930,354826,421098,675678,355120,421450,676238,355430,421812,676828,355770,422214,677472,355770,422214,677472
344650,408597,673365,344650,408597,673365,344650,408597,673365,345862,410031,675731,345862,410031,675731,345862,410031,675731,345862,410031,675731,347268,411697,678483,347554,412037,679045,347854,412397,679635,348180,412787,680273,348180,412787,680273
353226,400742,690685,353226,400742,690685,353226,400742,690685,354472,402156,693111,354472,402156,693111,354472,402156,693111,354472,402156,693111,355908,403792,695941,356202,404126,696521,356504,404470,697119,356828,404840,697755,356828,404840,697755
345870,392565,699802,345870,392565,699802,345870,392565,699802,347086,393945,702258,347086,393945,702258,347086,393945,702258,347086,393945,702258,348500,395553,705122,348790,395885,705708,349086,396221,706308,349406,396583,706950,349406,396583,706950
346757,384072,715607,346757,384072,715607,346757,384072,715607,347979,385424,718129,347979,385424,718129,347979,385424,718129,347979,385424,718129,349397,386998,721061,349689,387322,721661,349983,387652,722273,350291,387994,722913,350291,387994,722913
346789,376323,722652,346789,376323,722652,346789,376323,722652,348011,377651,725198,348011,377651,725198,348011,377651,725198,348011,377651,725198,349433,379197,728162,349725,379513,728768,350021,379835,729384,350325,380163,730020,350325,380163,730020
339431,368792,737720,339431,368792,737720,339431,368792,737720,340625,370096,740326,340625,370096,740326,340625,370096,740326,340625,370096,740326,342025,371612,743362,342311,371922,743982,342599,372236,744610,342893,372554,745248,342893,372554,745248
347381,361131,750875,347381,361131,750875,347381,361131,750875,348611,362407,753533,348611,362407,753533,348611,362407,753533,348611,362407,753533,350033,363887,756611,350323,364189,757239,350615,364495,757869,350907,364801,758505,350907,364801,758505
347557,354220,764440,347557,354220,764440,347557,354220,764440,348787,355472,767146,348787,355472,767146,348787,355472,767146,348787,355472,767146,350215,356926,770292,350511,357226,770940,350807,357526,771588,351101,357826,772232,351101,357826,772232
339968,339970,782314,339968,339970,782314,339968,339970,782314,341172,341172,785084,341172,341172,785084,341172,341172,785084,341172,341172,785084,342566,342566,788288,342850,342850,788944,343134,343134,789596,343414,343412,790238,343414,343412,790238
346830,340155,786105,346830,340155,786105,346830,340155,786105,348060,341361,788895,348060,341361,788895,348060,341361,788895,348060,341361,788895,349492,342763,792143,349784,343049,792797,350068,343327,793441,350346,343603,794077,350346,343603,794077
340457,334350,812142,340457,334350,812142,340457,334350,812142,341657,335534,815016,341657,335534,815016,341657,335534,815016,341657,335534,815016,343053,336912,818352,343347,337200,819050,343637,337482,819736,343911,337748,820390,343911,337748,820390
345615,326780,819319,345615,326780,819319,345615,326780,819319,346839,327940,822225,346839,327940,822225,346839,327940,822225,346839,327940,822225,348259,329286,825599,348547,329560,826283,348827,329824,826943,349101,330086,827597,349101,330086,827597
340320,321480,831563,340320,321480,831563,340320,321480,831563,341524,322618,834505,341524,322618,834505,341524,322618,834505,341524,322618,834505,342922,323938,837921,343218,324218,838641,343506,324490,839341,343766,324734,839971,343766,324734,839971
344759,314067,849155,344759,314067,849155,344759,314067,849155,345983,315177,852171,345983,315177,852171,345983,315177,852171,345983,315177,852171,347399,316471,855669,347689,316733,856379,347967,316987,857071,348233,317227,857721,348233,317227,857721
339919,309390,867409,339919,309390,867409,339919,309390,867409,341121,310482,870475,341121,310482,870475,341121,310482,870475,341121,310482,870475,342513,311750,874027,342813,312020,874791,343085,312270,875489,343343,312506,876155,343343,312506,876155
343285,301807,881321,343285,301807,881321,343285,301807,881321,344505,302879,884451,344505,302879,884451,344505,302879,884451,344505,302879,884451,345923,304121,888085,346209,304373,888817,346499,304625,889561,346757,304851,890225,346757,304851,890225
344084,297395,899165,344084,297395,899165,344084,297395,899165,345296,298445,902345,345296,298445,902345,345296,298445,902345,345296,298445,902345,346704,299665,906035,347010,299927,906829,347288,300167,907559,347538,300385,908215,347538,300385,908215
337382,291278,920677,337382,291278,920677,337382,291278,920677,338578,292308,923935,338578,292308,923935,338578,292308,923935,338578,292308,923935,339960,293504,927711,340252,293756,928513,340524,293990,929251,340766,294200,929915,340766,294200,929915
341536,285600,929570,341536,285600,929570,341536,285600,929570,342746,286612,932866,342746,286612,932866,342746,286612,932866,342746,286612,932866,344154,287786,936694,344446,288030,937490,344722,288258,938240,344966,288462,938904,344966,288462,938904
341960,281411,954399,341960,281411,954399,341960,281411,954399,343164,282405,957769,343164,282405,957769,343164,282405,957769,343164,282405,957769,344560,283551,961671,344866,283803,962527,345142,284031,963297,345384,284229,963971,345384,284229,963971
346843,276403,970779,346843,276403,970779,346843,276403,970779,348067,277377,974199,348067,277377,974199,348067,277377,974199,348067,277377,974199,349479,278499,978149,349791,278747,979025,350069,278971,979807,350311,279163,980477,350311,279163,980477
339980,265212,987367,339980,265212,987367,339980,265212,987367,341178,266148,990845,341178,266148,990845,341178,266148,990845,341178,266148,990845,342574,267240,994897,342876,267474,995769,343152,267688,996569,343382,267868,997235,343382,267868,997235
344276,266453,1012235,344276,266453,1012235,344276,266453,1012235,345488,267397,1015805,345488,267397,1015805,345488,267397,1015805,345488,267397,1015805,346886,268475,1019915,347192,268711,1020819,347472,268927,1021641,347714,269115,1022353,347714,269115,1022353
344518,262061,1027849,344518,262061,1027849,344518,262061,1027849,345726,262981,1031457,345726,262981,1031457,345726,262981,1031457,345726,262981,1031457,347140,264057,1035663,347458,264297,1036607,347736,264507,1037437,347962,264679,1038115,347962,264679,1038115
343975,258510,1058809,343975,258510,1058809,343975,258510,1058809,345173,259412,1062503,345173,259412,1062503,345173,259412,1062503,345173,259412,1062503,346559,260454,1066755,346883,260700,1067761,347161,260908,1068615,347381,261074,1069291,347381,261074,1069291
347792,253268,1073625,347792,253268,1073625,347792,253268,1073625,349006,254154,1077377,349006,254154,1077377,349006,254154,1077377,349006,254154,1077377,350426,255186,1081745,350752,255422,1082751,351034,255626,1083619,351270,255800,1084355,351270,255800,1084355
346723,249494,1099622,346723,249494,1099622,346723,249494,1099622,347931,250364,1103452,347931,250364,1103452,347931,250364,1103452,347931,250364,1103452,349333,251372,1107888,349659,251608,1108926,349939,251810,1109814,350153,251964,1110488,350153,251964,1110488
346236,244906,1120634,346236,244906,1120634,346236,244906,1120634,347436,245758,1124528,347436,245758,1124528,347436,245758,1124528,347436,245758,1124528,348816,246736,1128994,349148,246968,1130068,349430,247166,1130972,349660,247328,1131714,349660,247328,1131714
346401,242360,1148950,346401,242360,1148950,346401,242360,1148950,347599,243198,1152922,347599,243198,1152922,347599,243198,1152922,347599,243198,1152922,348987,244172,1157538,349329,244412,1158674,349607,244608,1159602,349825,244760,1160324,349825,244760,1160324
352230,239258,1182906,352230,239258,1182906,352230,239258,1182906,353438,240078,1186956,353438,240078,1186956,353438,240078,1186956,353438,240078,1186956,354842,241032,1191672,355204,241278,1192894,355496,241476,1193876,355698,241614,1194558,355698,241614,1194558
355194,235266,1205003,355194,235266,1205003,355194,235266,1205003,356404,236068,1209119,356404,236068,1209119,356404,236068,1209119,356404,236068,1209119,357808,237000,1213877,358172,237240,1215119,358462,237430,1216097,358702,237590,1216909,358702,237590,1216909
354793,231837,1233577,354793,231837,1233577,354793,231837,1233577,356003,232625,1237777,356003,232625,1237777,356003,232625,1237777,356003,232625,1237777,357401,233533,1242633,357769,233773,1243917,358059,233961,1244923,358265,234097,1245645,358265,234097,1245645
356688,230194,1273220,356688,230194,1273220,356688,230194,1273220,357886,230966,1277508,357886,230966,1277508,357886,230966,1277508,357886,230966,1277508,359272,231858,1282448,359664,232112,1283848,359952,232300,1284882,360152,232430,1285600,360152,232430,1285600
363005,223992,1307525,363005,223992,1307525,363005,223992,1307525,364213,224738,1311869,364213,224738,1311869,364213,224738,1311869,364213,224738,1311869,365613,225600,1316903,366031,225858,1318407,366341,226048,1319523,366555,226180,1320291,366555,226180,1320291
363128,225551,1339902,363128,225551,1339902,363128,225551,1339902,364328,226297,1344330,364328,226297,1344330,364328,226297,1344330,364328,226297,1344330,365718,227159,1349458,366138,227419,1351002,366436,227605,1352104,366664,227749,1352952,366664,227749,1352952
371654,225649,1397846,371654,225649,1397846,371654,225649,1397846,372856,226379,1402364,372856,226379,1402364,372856,226379,1402364,372856,226379,1402364,374250,227229,1407610,374718,227513,1409372,375022,227699,1410522,375224,227825,1411288,375224,227825,1411288
374715,224420,1440892,374715,224420,1440892,374715,224420,1440892,375911,225136,1445498,375911,225136,1445498,375911,225136,1445498,375911,225136,1445498,377293,225964,1450820,377781,226256,1452700,378093,226442,1453900,378295,226562,1454676,378295,226562,1454676
389582,226266,1502164,389582,226266,1502164,389582,226266,1502164,390794,226974,1506844,390794,226974,1506844,390794,226974,1506844,390794,226974,1506844,392200,227788,1512258,392750,228108,1514388,393086,228302,1515682,393292,228422,1516474,393292,228422,1516474
395675,228869,1585344,395675,228869,1585344,395675,228869,1585344,396867,229559,1590114,396867,229559,1590114,396867,229559,1590114,396867,229559,1590114,398241,230357,1595632,398863,230713,1598114,399189,230901,1599424,399391,231019,1600236,399391,231019,1600236
423436,237344,1703509,423436,237344,1703509,423436,237344,1703509,424648,238022,1708381,424648,238022,1708381,424648,238022,1708381,424648,238022,1708381,426048,238804,1714009,426818,239238,1717113,427162,239430,1718495,427368,239546,1719323,427368,239546,1719323
476271,263611,1966196,476271,263611,1966196,476271,263611,1966196,477473,264277,1971160,477473,264277,1971160,477473,264277,1971160,477473,264277,1971160,478873,265053,1976936,480045,265699,1981768,480399,265897,1983240,480603,266011,1984084,480603,266011,1984084
533895,289563,2243117,533895,289563,2243117,533895,289563,2243117,535101,290215,2248173,535101,290215,2248173,535101,290215,2248173,535101,290215,2248173,536485,290969,2253993,537921,291749,2260033,538299,291953,2261615,538503,292063,2262477,538503,292063,2262477
365104,193982,1560273,365104,193982,1560273,365104,193982,1560273,366308,194622,1565415,366308,194622,1565415,366308,194622,1565415,366308,194622,1565415,367696,195356,1571335,367704,195360,1571371,368094,195568,1573043,368300,195678,1573921,368300,195678,1573921
344766,181192,1510831,344766,181192,1510831,344766,181192,1510831,345956,181816,1516055,345956,181816,1516055,345956,181816,1516055,345956,181816,1516055,347344,182544,1522139,347344,182544,1522139,347764,182766,1523983,347968,182872,1524875,347968,182872,1524875
337202,173773,1505266,337202,173773,1505266,337202,173773,1505266,338400,174393,1510614,338400,174393,1510614,338400,174393,1510614,338400,174393,1510614,339788,175107,1516812,339788,175107,1516812,340254,175345,1518882,340458,175451,1519794,340458,175451,1519794
334201,167266,1504846,334201,167266,1504846,334201,167266,1504846,335405,167874,1510282,335405,167874,1510282,335405,167874,1510282,335405,167874,1510282,336793,168568,1516518,336793,168568,1516518,337293,168818,1518776,337499,168922,1519704,337499,168922,1519704
327117,158755,1511109,327117,158755,1511109,327117,158755,1511109,328321,159337,1516659,328321,159337,1516659,328321,159337,1516659,328321,159337,1516659,329727,160023,1523167,329727,160023,1523167,330313,160309,1525879,330517,160407,1526821,330517,160407,1526821
323512,157183,1525198,323512,157183,1525198,323512,157183,1525198,324714,157765,1530854,324714,157765,1530854,324714,157765,1530854,324714,157765,1530854,326084,158433,1537310,326084,158433,1537310,326828,158793,1540822,327032,158891,1541782,327032,158891,1541782
318356,151754,1525280,318356,151754,1525280,318356,151754,1525280,319550,152322,1530998,319550,152322,1530998,319550,152322,1530998,319550,152322,1530998,320940,152986,1537684,320940,152986,1537684,322276,153620,1544110,322478,153716,1545082,322478,153716,1545082
287649,134940,1405831,287649,134940,1405831,287649,134940,1405831,288847,135504,1411697,288847,135504,1411697,288847,135504,1411697,288847,135504,1411697,290229,136150,1418447,290229,136150,1418447,290959,136494,1421993,291161,136590,1422981,291161,136590,1422981
277793,127881,1384938,277793,127881,1384938,277793,127881,1384938,278993,128435,1390920,278993,128435,1390920,278993,128435,1390920,278993,128435,1390920,280385,129075,1397846,280385,129075,1397846,280385,129075,1397846,280585,129169,1398850,280585,129169,1398850
276376,123889,1393716,276376,123889,1393716,276376,123889,1393716,277580,124431,1399798,277580,124431,1399798,277580,124431,1399798,277580,124431,1399798,278962,125051,1406762,278962,125051,1406762,278962,125051,1406762,279174,125147,1407832,279174,125147,1407832
273012,121014,1414749,273012,121014,1414749,273012,121014,1414749,274210,121546,1420947,274210,121546,1420947,274210,121546,1420947,274210,121546,1420947,275626,122176,1428307,275626,122176,1428307,275626,122176,1428307,275846,122274,1429447,275846,122274,1429447
273783,118278,1439246,273783,118278,1439246,273783,118278,1439246,274985,118798,1445574,274985,118798,1445574,274985,118798,1445574,274985,118798,1445574,276345,119384,1452700,276345,119384,1452700,276345,119384,1452700,276551,119474,1453780,276551,119474,1453780
272822,115861,1460667,272822,115861,1460667,272822,115861,1460667,274022,116373,1467093,274022,116373,1467093,274022,116373,1467093,274022,116373,1467093,275420,116967,1474587,275420,116967,1474587,275420,116967,1474587,275624,117053,1475683,275624,117053,1475683
270947,113341,1484285,270947,113341,1484285,270947,113341,1484285,272147,113843,1490859,272147,113843,1490859,272147,113843,1490859,272147,113843,1490859,273543,114429,1498493,273543,114429,1498493,273543,114429,1498493,273747,114513,1499607,273747,114513,1499607
269737,110794,1508865,269737,110794,1508865,269737,110794,1508865,270927,111284,1515527,270927,111284,1515527,270927,111284,1515527,270927,111284,1515527,272287,111844,1523121,272287,111844,1523121,272287,111844,1523121,272489,111928,1524255,272489,111928,1524255
270410,108478,1533330,270410,108478,1533330,270410,108478,1533330,271620,108962,1540178,271620,108962,1540178,271620,108962,1540178,271620,108962,1540178,273010,109518,1548072,273010,109518,1548072,273010,109518,1548072,273264,109618,1549504,273264,109618,1549504
268349,105979,1553152,268349,105979,1553152,268349,105979,1553152,269535,106447,1560002,269535,106447,1560002,269535,106447,1560002,269535,106447,1560002,270945,107003,1568164,270945,107003,1568164,270945,107003,1568164,271155,107087,1569382,271155,107087,1569382
270060,101878,1586118,270060,101878,1586118,270060,101878,1586118,271268,102332,1593214,271268,102332,1593214,271268,102332,1593214,271268,102332,1593214,272638,102852,1601284,272638,102852,1601284,272638,102852,1601284,272850,102930,1602520,272850,102930,1602520
267618,101946,1609440,267618,101946,1609440,267618,101946,1609440,268822,102406,1616682,268822,102406,1616682,268822,102406,1616682,268822,102406,1616682,270188,102928,1624892,270188,102928,1624892,270188,102928,1624892,270400,103008,1626162,270400,103008,1626162
267719,99646,1635557,267719,99646,1635557,267719,99646,1635557,268919,100092,1642887,268919,100092,1642887,268919,100092,1642887,268919,100092,1642887,270305,100606,1651351,270305,100606,1651351,270305,100606,1651351,270523,100688,1652681,270523,100688,1652681
266397,97834,1665693,266397,97834,1665693,266397,97834,1665693,267589,98272,1673153,267589,98272,1673153,267589,98272,1673153,267589,98272,1673153,268981,98782,1681889,268981,98782,1681889,268981,98782,1681889,269255,98882,1683605,269255,98882,1683605
266422,95633,1691045,266422,95633,1691045,266422,95633,1691045,267622,96065,1698655,267622,96065,1698655,267622,96065,1698655,267622,96065,1698655,269032,96569,1707609,269032,96569,1707609,269032,96569,1707609,269254,96649,1709029,269254,96649,1709029
266508,93806,1720987,266508,93806,1720987,266508,93806,1720987,267706,94228,1728737,267706,94228,1728737,267706,94228,1728737,267706,94228,1728737,269072,94710,1737555,269072,94710,1737555,269072,94710,1737555,269302,94790,1739033,269302,94790,1739033
264788,91937,1752240,264788,91937,1752240,264788,91937,1752240,265978,92353,1760124,265978,92353,1760124,265978,92353,1760124,265978,92353,1760124,267352,92829,1769246,267352,92829,1769246,267352,92829,1769246,267586,92909,1770798,267586,92909,1770798
265783,89846,1777305,265783,89846,1777305,265783,89846,1777305,266987,90254,1785367,266987,90254,1785367,266987,90254,1785367,266987,90254,1785367,268387,90726,1794723,268387,90726,1794723,268387,90726,1794723,268657,90818,1796535,268657,90818,1796535
264418,88162,1814382,264418,88162,1814382,264418,88162,1814382,265612,88560,1822582,265612,88560,1822582,265612,88560,1822582,265612,88560,1822582,266990,89018,1832024,266990,89018,1832024,266990,89018,1832024,267272,89112,1833950,267272,89112,1833950
263846,86143,1839813,263846,86143,1839813,263846,86143,1839813,265046,86533,1848171,265046,86533,1848171,265046,86533,1848171,265046,86533,1848171,266424,86983,1857789,266424,86983,1857789,266424,86983,1857789,266686,87067,1859619,266686,87067,1859619
263606,84525,1873409,263606,84525,1873409,263606,84525,1873409,264808,84911,1881943,264808,84911,1881943,264808,84911,1881943,264808,84911,1881943,266190,85355,1891773,266190,85355,1891773,266190,85355,1891773,266468,85445,1893739,266468,85445,1893739
261576,82762,1904451,261576,82762,1904451,261576,82762,1904451,262766,83138,1913107,262766,83138,1913107,262766,83138,1913107,262766,83138,1913107,264144,83572,1923137,264144,83572,1923137,264144,83572,1923137,264436,83666,1925271,264436,83666,1925271
262858,79634,1941389,262858,79634,1941389,262858,79634,1941389,264054,79994,1950227,264054,79994,1950227,264054,79994,1950227,264054,79994,1950227,265440,80416,1960463,265440,80416,1960463,265440,80416,1960463,265756,80510,1962799,265756,80510,1962799
263372,79462,1969659,263372,79462,1969659,263372,79462,1969659,264590,79830,1978775,264590,79830,1978775,264590,79830,1978775,264590,79830,1978775,265984,80250,1989193,265984,80250,1989193,265984,80250,1989193,266328,80354,1991769,266328,80354,1991769
261492,77932,2008369,261492,77932,2008369,261492,77932,2008369,262674,78282,2017439,262674,78282,2017439,262674,78282,2017439,262674,78282,2017439,264058,78694,2028051,264058,78694,2028051,264058,78694,2028051,264430,78804,2030913,264430,78804,2030913
260611,76130,2040509,260611,76130,2040509,260611,76130,2040509,261797,76474,2049785,261797,76474,2049785,261797,76474,2049785,261797,76474,2049785,263171,76876,2060559,263171,76876,2060559,263171,76876,2060559,263579,76996,2063751,263579,76996,2063751
261120,74894,2077502,261120,74894,2077502,261120,74894,2077502,262324,75240,2087094,262324,75240,2087094,262324,75240,2087094,262324,75240,2087094,263714,75638,2098148,263714,75638,2098148,263714,75638,2098148,264164,75766,2101720,264164,75766,2101720
261819,73342,2115276,261819,73342,2115276,261819,73342,2115276,263029,73682,2125054,263029,73682,2125054,263029,73682,2125054,263029,73682,2125054,264411,74068,2136204,264411,74068,2136204,264411,74068,2136204,264985,74228,2140856,264985,74228,2140856
259756,72072,2153831,259756,72072,2153831,259756,72072,2153831,260954,72404,2163761,260954,72404,2163761,260954,72404,2163761,260954,72404,2163761,262322,72782,2175069,262322,72782,2175069,262322,72782,2175069,263280,73046,2183015,263280,73046,2183015
102149,26944,847853,102149,26944,847853,102149,26944,847853,102631,27070,851855,102631,27070,851855,102631,27070,851855,102631,27070,851855,103201,27220,856575,103201,27220,856575,103201,27220,856575,103775,27372,861343,103775,27372,861343
0,0,0,0,0,0,0,0,0,0,0,0,0,0,0,0,0,0,0,0,0,0,0,0,0,0,0,0,0,0,0,0,0,0,0,0
0,0,0,0,0,0,0,0,0,0,0,0,0,0,0,0,0,0,0,0,0,0,0,0,0,0,0,0,0,0,0,0,0,0,0,0
